event_id,user_id,conversation_id,source_turn_id,event_time,event_content,emotions_json,viewpoint,branch_id,parent_event_id,branch_origin_event_id,persona_id,persona_name,growth_summary,created_at
demo2_demo_bigtech_event_01,u_2862361c0d,role-demo_bigtech,role-demo_bigtech-simulated-turn-01,2022-09-24T15:00:00+08:00,大一编程课上，我第一次独立完成一个能稳定运行的小程序,"[{""code"": ""joy"", ""label"": ""喜悦"", ""intensity"": 0.73, ""score"": 0.73}, {""code"": ""optimism"", ""label"": ""乐观"", ""intensity"": 0.62, ""score"": 0.62}]",从报错到跑通的过程让我获得成就感，也愿意继续打牢工程基础。,demo_bigtech,,,demo_bigtech,进大厂的我,2022年9月，大一编程课上，我第一次独立完成一个能稳定运行的小程序。从反复报错到最终跑通，这个过程让我感受到清晰的喜悦和乐观。这次经历让我体会到，通过耐心调试和持续尝试，可以克服技术障碍，并获得实实在在的成就感。基于这次体验，我萌生了继续打牢工程基础的意愿，认为扎实的编程能力是未来发展的起点。那时，我对技术学习抱有积极期待，愿意投入时间与精力去积累。这一节点标志着我从被动接受知识转向主动探索实践，开始将编程视为一种可以掌控和创造的工具。尽管当时尚未明确职业方向，但这次成功的小程序运行，为我后续选择进入大厂、追求更系统化技术环境埋下了最初的动力。,2025-01-13T10:00:00+08:00
demo2_demo_entrepreneur_event_01,u_2862361c0d,role-demo_entrepreneur,role-demo_entrepreneur-simulated-turn-01,2022-10-16T14:00:00+08:00,大一时我自学前端，搭了一个帮助同学整理课程资料的小网站,"[{""code"": ""joy"", ""label"": ""喜悦"", ""intensity"": 0.78, ""score"": 0.78}, {""code"": ""optimism"", ""label"": ""乐观"", ""intensity"": 0.7, ""score"": 0.7}]",第一次独立把需求做成可使用的页面，让我发现自己喜欢创造能解决身边问题的东西。,demo_entrepreneur,,,demo_entrepreneur,创业者的我,在大一那年，我自学前端，搭建了一个帮助同学整理课程资料的小网站。这件事让我感到喜悦和乐观，情绪强度较高。当时我意识到，这是第一次独立把需求做成可使用的页面，从中发现自己喜欢创造能解决身边问题的东西。这个起点让我初步体会到，技术不只是代码，而是可以回应他人实际需要的工具。虽然那时还没有明确的创业想法，但那种从想法到实现的满足感，让我对“创造”这件事产生了持续的兴趣。我开始更主动地观察周围人的不便，思考如何用简单的方式去改善。这个阶段，我的行动更多是出于好奇和尝试，而非规划。但正是这份自发的好奇，让我逐渐走向更主动的探索，也为后来更具体的创业尝试埋下了最初的种子。,2025-03-08T10:00:00+08:00
demo2_demo_phd_event_01,u_2862361c0d,role-demo_phd,role-demo_phd-simulated-turn-01,2022-11-05T10:00:00+08:00,大一参加实验室开放日时，我第一次近距离看到学长展示研究项目,"[{""code"": ""surprise"", ""label"": ""惊讶"", ""intensity"": 0.72, ""score"": 0.72}, {""code"": ""optimism"", ""label"": ""乐观"", ""intensity"": 0.65, ""score"": 0.65}]",研究把好奇心变成可检验的问题，这种工作方式让我产生了持续了解的兴趣。,demo_phd,,,demo_phd,读phd的我,大一参加实验室开放日，我近距离看到学长展示研究项目，感到惊讶和乐观。惊讶于研究能把抽象的好奇心转化为可检验的问题，乐观则源于这种工作方式让我觉得有趣且可接近。当时我并没有明确的目标，只是觉得持续了解下去是自然的。这个节点让我初步意识到，研究不是遥不可及的事，而是可以一步步接近的实践。从起点到此刻，我还没有经历更多事件，但这份最初的触动为后续的选择埋下了种子。它让我对“读phd”这个方向产生了温和的向往，尽管还谈不上坚定，但至少愿意继续观察和尝试。,2025-02-17T09:30:00+08:00
demo2_demo_entrepreneur_event_02,u_2862361c0d,role-demo_entrepreneur,role-demo_entrepreneur-simulated-turn-02,2023-03-25T16:00:00+08:00,我主动找二十位同学访谈，了解他们使用课程网站时真正遇到的困难,"[{""code"": ""surprise"", ""label"": ""惊讶"", ""intensity"": 0.62, ""score"": 0.62}, {""code"": ""satisfaction"", ""label"": ""满足"", ""intensity"": 0.58, ""score"": 0.58}]",具体反馈让我意识到，先理解别人为什么需要，比急着增加功能更重要。,demo_entrepreneur,demo2_demo_entrepreneur_event_01,,demo_entrepreneur,创业者的我,从大一开始，我自学前端搭建了课程资料网站，那次经历让我感到喜悦和乐观，也让我第一次体会到，技术可以回应身边人的实际需要。带着这份好奇，半年后我主动访谈了二十位同学，了解他们使用网站时真正的困难。这次访谈让我感到惊讶和满足，因为我发现，具体反馈比急着增加功能更有价值。我开始意识到，先理解别人为什么需要，比单纯追求技术实现更重要。从最初的自发尝试到主动收集意见，我的行动从“做出来”转向“问清楚”，情绪也从单纯的兴奋转为更踏实的满足。这两个阶段之间，我逐渐从关注自己的创造，转向关注使用者的真实感受，这种视角的变化让我对创业的理解不再只是做出一个产品，而是学会倾听和回应。,2025-04-19T14:30:00+08:00
demo2_demo_bigtech_event_02,u_2862361c0d,role-demo_bigtech,role-demo_bigtech-simulated-turn-02,2023-04-09T13:30:00+08:00,我加入校园开源项目，第一次按照规范提交代码并接受代码审查,"[{""code"": ""anxiety"", ""label"": ""焦虑"", ""intensity"": 0.48, ""score"": 0.48}, {""code"": ""satisfaction"", ""label"": ""满足"", ""intensity"": 0.57, ""score"": 0.57}]",别人对代码的反馈让我理解，可读性、测试和协作习惯与功能正确同样重要。,demo_bigtech,demo2_demo_bigtech_event_01,,demo_bigtech,进大厂的我,从大一编程课获得成就感后，我在2023年4月加入校园开源项目，第一次按规范提交代码并接受审查。面对反馈时，我感到轻微的焦虑，但更多是满足。这次经历让我理解，可读性、测试和协作习惯与功能正确同样重要。相比之前专注于个人调试和跑通程序，我开始意识到代码是团队协作的产物。这种认识促使我调整学习重心，从单纯追求功能实现，转向关注代码质量和沟通方式。虽然当时尚未明确职业路径，但这次体验强化了我对系统化技术环境的向往，为后续考虑进入大厂积累了更具体的理解。,2025-03-04T17:30:00+08:00
demo2_demo_phd_event_02,u_2862361c0d,role-demo_phd,role-demo_phd-simulated-turn-02,2023-05-14T20:00:00+08:00,我认真完成统计与编程课程，并用课程项目复现了一篇论文里的简单实验,"[{""code"": ""satisfaction"", ""label"": ""满足"", ""intensity"": 0.73, ""score"": 0.73}, {""code"": ""anxiety"", ""label"": ""焦虑"", ""intensity"": 0.38, ""score"": 0.38}]",复现过程让我体会到证据、方法和细节的重要，也发现自己能享受长时间钻研。,demo_phd,demo2_demo_phd_event_01,,demo_phd,读phd的我,从大一的实验室开放日到完成课程项目复现论文实验，我经历了一段从好奇到实践的转变。最初，看到学长展示研究项目时，惊讶和乐观让我觉得研究是把好奇心转化为可检验问题的工作方式，这让我产生了持续了解的兴趣，尽管当时还没有明确目标。半年多后，在认真完成统计与编程课程并尝试复现论文实验的过程中，我体会到满足感，也伴随着轻微的焦虑。复现让我意识到证据、方法和细节的重要性，也发现自己能享受长时间钻研。这种感受与最初的触动相连：研究不再是抽象的概念，而是需要耐心和具体操作的实践。从惊讶到满足，从乐观到略带焦虑，我对读phd的向往变得更具体，也更清楚自己愿意为此付出努力，尽管前路仍有许多未知。,2025-03-21T15:00:00+08:00
demo2_demo_phd_event_03,u_2862361c0d,role-demo_phd,role-demo_phd-simulated-turn-03,2023-10-21T14:00:00+08:00,大二我主动给老师写邮件，申请成为实验室本科研究助理,"[{""code"": ""anxiety"", ""label"": ""焦虑"", ""intensity"": 0.61, ""score"": 0.61}, {""code"": ""optimism"", ""label"": ""乐观"", ""intensity"": 0.66, ""score"": 0.66}]",主动争取机会需要承认自己的不足，也让我开始学习如何清楚表达兴趣和准备。,demo_phd,demo2_demo_phd_event_02,,demo_phd,读phd的我,从大一实验室开放日的惊讶与乐观，到大二完成课程项目复现论文时的满足与轻微焦虑，再到如今主动申请成为本科研究助理，我的感受和行动在逐步具体化。最初，研究让我觉得是把好奇心转化为可检验问题的工作方式，这让我愿意持续了解。后来，复现实验让我体会到证据和细节的重要，也发现自己能享受长时间钻研，这使我对读phd的向往变得更实在。现在，主动给老师写邮件时，焦虑与乐观并存——焦虑源于承认自己不足，乐观则来自对机会的期待。我开始学习如何清楚表达兴趣和准备，这与我此前从好奇到实践的转变一脉相承。每一步都让我更接近研究本身，也让我意识到，读phd不仅是向往，更需要主动争取和面对未知的勇气。,2025-06-12T23:10:00+08:00
demo2_demo_entrepreneur_event_03,u_2862361c0d,role-demo_entrepreneur,role-demo_entrepreneur-simulated-turn-03,2023-11-12T19:00:00+08:00,大二时我在创新社团认识了两位伙伴，一起做校园二手交换工具,"[{""code"": ""optimism"", ""label"": ""乐观"", ""intensity"": 0.75, ""score"": 0.75}, {""code"": ""anxiety"", ""label"": ""焦虑"", ""intensity"": 0.43, ""score"": 0.43}]",第一次持续和伙伴协作，让我开始学习分工、承诺与及时沟通。,demo_entrepreneur,demo2_demo_entrepreneur_event_02,,demo_entrepreneur,创业者的我,从大一起，我自学前端搭建课程资料网站，体验到创造能回应他人需要的喜悦。半年后，我主动访谈二十位同学，发现先理解需求比急于增加功能更重要，情绪从兴奋转为踏实的满足。大二时，我在创新社团结识两位伙伴，一起做校园二手交换工具。这次协作让我感到乐观，也伴随焦虑，因为我开始学习分工、承诺与及时沟通。从独自摸索到与人合作，我的行动从“做出来”转向“问清楚”，再到“一起做”。情绪从单纯的喜悦变得复杂，但乐观依然主导。我逐渐理解，创业不只是技术实现，更是倾听、协作和持续调整的过程。这段经历让我更清楚，创造需要回应真实问题，而合作需要耐心与坦诚。,2025-06-07T09:00:00+08:00
demo2_demo_bigtech_event_03,u_2862361c0d,role-demo_bigtech,role-demo_bigtech-simulated-turn-03,2023-12-02T20:00:00+08:00,大二我系统学习数据结构与计算机网络，并为薄弱知识建立复习计划,"[{""code"": ""calm"", ""label"": ""平静"", ""intensity"": 0.58, ""score"": 0.58}, {""code"": ""satisfaction"", ""label"": ""满足"", ""intensity"": 0.65, ""score"": 0.65}]",持续补基础让我从追求快速答案，转向理解系统为什么这样工作。,demo_bigtech,demo2_demo_bigtech_event_02,,demo_bigtech,进大厂的我,从大一编程课独立完成小程序开始，我体验到调试成功的喜悦，萌生了打牢工程基础的意愿。2023年4月加入校园开源项目后，首次提交代码并接受审查，虽有些焦虑，但更多是满足。这次经历让我明白，可读性、测试和协作习惯与功能正确同样重要，学习重心从个人调试转向关注代码质量与团队沟通。同年12月，我系统学习数据结构与计算机网络，并为薄弱知识建立复习计划，情绪以平静和满足为主。持续补基础让我从追求快速答案，转向理解系统为什么这样工作。回顾这一路，从独立编程到协作开发，再到主动夯实理论，我的行动逐步从被动接受转向主动探索，对技术环境的向往也更为具体，为后续考虑进入大厂积累了更扎实的基础和更清晰的方向。,2025-05-26T21:00:00+08:00
demo2_demo_phd_event_04,u_2862361c0d,role-demo_phd,role-demo_phd-simulated-turn-04,2024-01-13T16:30:00+08:00,我加入每周文献阅读小组，第一次完整讲解并讨论一篇论文,"[{""code"": ""anxiety"", ""label"": ""焦虑"", ""intensity"": 0.58, ""score"": 0.58}, {""code"": ""satisfaction"", ""label"": ""满足"", ""intensity"": 0.55, ""score"": 0.55}]",公开表达暴露了理解中的空白，也让我逐渐学会提出更具体的问题。,demo_phd,demo2_demo_phd_event_03,,demo_phd,读phd的我,从大一实验室开放日看到学长展示项目，到完成课程论文复现，再到主动申请成为研究助理，我逐步靠近研究实践。最初，惊讶和乐观让我觉得研究是把好奇心转化为可检验问题的方式，愿意持续了解。复现实验时，满足与轻微焦虑并存，我体会到证据和细节的重要，也发现自己能享受长时间钻研。主动申请助理时，焦虑与乐观交织，我开始学习表达兴趣和面对不足。最近，加入文献阅读小组并第一次完整讲解论文，焦虑与满足再次出现。公开表达暴露了理解中的空白，也让我逐渐学会提出更具体的问题。这些经历从好奇到实践，从被动观察到主动争取，每一步都让我更清楚读phd需要耐心和勇气，也让我对研究本身有了更实在的体会。,2025-09-28T11:00:00+08:00
demo2_demo_bigtech_event_04,u_2862361c0d,role-demo_bigtech,role-demo_bigtech-simulated-turn-04,2024-05-18T10:00:00+08:00,我在校内技术比赛中负责后端，与三位同学协作完成服务部署,"[{""code"": ""joy"", ""label"": ""喜悦"", ""intensity"": 0.68, ""score"": 0.68}, {""code"": ""anxiety"", ""label"": ""焦虑"", ""intensity"": 0.54, ""score"": 0.54}]",接口约定、进度同步和故障排查让我第一次感受到团队工程的节奏。,demo_bigtech,demo2_demo_bigtech_event_03,,demo_bigtech,进大厂的我,从大一编程课独立完成小程序开始，我体验到调试成功的喜悦，萌生了打牢工程基础的意愿。2023年4月加入校园开源项目后，首次提交代码并接受审查，虽有些焦虑，但更多是满足。这次经历让我明白，可读性、测试和协作习惯与功能正确同样重要，学习重心从个人调试转向关注代码质量与团队沟通。同年12月，我系统学习数据结构与计算机网络，并为薄弱知识建立复习计划，情绪以平静和满足为主。持续补基础让我从追求快速答案，转向理解系统为什么这样工作。2024年5月，我在校内技术比赛中负责后端，与三位同学协作完成服务部署，既有喜悦也有焦虑。接口约定、进度同步和故障排查让我第一次感受到团队工程的节奏。,2025-08-11T14:00:00+08:00
demo2_demo_phd_event_05,u_2862361c0d,role-demo_phd,role-demo_phd-simulated-turn-05,2024-06-22T11:00:00+08:00,我协助整理实验数据，并在老师指导下排查了一次复现失败,"[{""code"": ""confusion"", ""label"": ""迷茫"", ""intensity"": 0.57, ""score"": 0.57}, {""code"": ""calm"", ""label"": ""平静"", ""intensity"": 0.5, ""score"": 0.5}]",失败并非没有价值，规范记录和耐心验证能把困惑转化为下一步线索。,demo_phd,demo2_demo_phd_event_04,,demo_phd,读phd的我,从大一实验室开放日看到学长展示项目时的惊讶与乐观，到完成课程论文复现时体会到的满足与轻微焦虑，我逐渐将研究从抽象的好奇转化为具体的实践。主动申请成为研究助理时，焦虑与乐观并存，我开始学习表达兴趣和面对不足。加入文献阅读小组并讲解论文后，公开表达暴露了理解中的空白，也让我学会提出更具体的问题。最近，协助整理实验数据并排查复现失败时，迷茫与平静交织，我意识到失败并非没有价值，规范记录和耐心验证能把困惑转化为下一步线索。这些经历从好奇到实践，从被动观察到主动争取，每一步都让我更清楚读phd需要耐心和勇气，也让我对研究本身有了更实在的体会。,2025-11-09T20:00:00+08:00
demo2_demo_entrepreneur_event_04,u_2862361c0d,role-demo_entrepreneur,role-demo_entrepreneur-simulated-turn-04,2024-07-20T09:00:00+08:00,我和队友参加 AdventureX 黑客松，在两天内完成并展示了产品原型,"[{""code"": ""joy"", ""label"": ""喜悦"", ""intensity"": 0.84, ""score"": 0.84}, {""code"": ""anxiety"", ""label"": ""焦虑"", ""intensity"": 0.55, ""score"": 0.55}]",有限时间里的取舍让我体会到，完成核心闭环比堆叠功能更有价值。,demo_entrepreneur,demo2_demo_entrepreneur_event_03,,demo_entrepreneur,创业者的我,从大一起，我自学前端搭建课程资料网站，体验到创造能回应他人需要的喜悦。半年后，我主动访谈二十位同学，发现先理解需求比急于增加功能更重要，情绪从兴奋转为踏实的满足。大二时，我在创新社团结识两位伙伴，一起做校园二手交换工具，开始学习分工与沟通，乐观中带着焦虑。今年七月，我和队友参加黑客松，两天内完成产品原型，喜悦强烈但焦虑并存。这次经历让我体会到，有限时间里完成核心功能比堆叠功能更有价值。从独自摸索到与人协作，再到在压力下取舍，我的行动逐步从“做出来”转向“问清楚”“一起做”和“聚焦核心”。情绪从单纯的喜悦变得复杂，但乐观始终主导。,2025-07-02T19:30:00+08:00
demo2_demo_phd_event_06,u_2862361c0d,role-demo_phd,role-demo_phd-simulated-turn-06,2024-08-30T15:00:00+08:00,暑研期间我负责一个小问题，并在结项展示中汇报初步结果,"[{""code"": ""joy"", ""label"": ""喜悦"", ""intensity"": 0.75, ""score"": 0.75}, {""code"": ""anxiety"", ""label"": ""焦虑"", ""intensity"": 0.45, ""score"": 0.45}]",独立推进小问题让我更清楚研究节奏，也确认自己愿意面对较长的反馈周期。,demo_phd,demo2_demo_phd_event_05,,demo_phd,读phd的我,从大一实验室开放日看到学长展示项目时的惊讶与乐观，到完成课程论文复现时体会到满足与轻微焦虑，我逐渐将研究从抽象的好奇转化为具体实践。主动申请成为研究助理时，焦虑与乐观并存，我开始学习表达兴趣和面对不足。加入文献阅读小组并讲解论文后，公开表达暴露了理解中的空白，也让我学会提出更具体的问题。协助整理实验数据并排查复现失败时，迷茫与平静交织，我意识到规范记录和耐心验证能把困惑转化为线索。暑研期间独立负责一个小问题并汇报结果，喜悦与焦虑相伴，我确认自己愿意面对较长的反馈周期。从最初的好奇到主动争取，再到独立推进，每一步都让我更清楚读phd需要耐心和勇气，也让我对研究有了更实在的体会。,2025-12-18T10:30:00+08:00
demo2_demo_bigtech_event_05,u_2862361c0d,role-demo_bigtech,role-demo_bigtech-simulated-turn-05,2024-09-07T19:00:00+08:00,我开始准备技术实习，把零散项目整理成可以说明设计取舍的作品集,"[{""code"": ""confusion"", ""label"": ""迷茫"", ""intensity"": 0.44, ""score"": 0.44}, {""code"": ""optimism"", ""label"": ""乐观"", ""intensity"": 0.63, ""score"": 0.63}]",准备过程让我意识到，真正重要的不只是做过什么，还包括为什么这样设计。,demo_bigtech,demo2_demo_bigtech_event_04,,demo_bigtech,进大厂的我,从大一编程课独立完成小程序开始，我体验到调试成功的喜悦，萌生了打牢工程基础的意愿。2023年4月加入校园开源项目后，首次提交代码并接受审查，虽有些焦虑，但更多是满足。这次经历让我明白，可读性、测试和协作习惯与功能正确同样重要，学习重心从个人调试转向关注代码质量与团队沟通。同年12月，我系统学习数据结构与计算机网络，并为薄弱知识建立复习计划，情绪以平静和满足为主。持续补基础让我从追求快速答案，转向理解系统为什么这样工作。2024年5月，我在校内技术比赛中负责后端，与三位同学协作完成服务部署，既有喜悦也有焦虑。接口约定、进度同步和故障排查让我第一次感受到团队工程的节奏。,2025-10-20T18:30:00+08:00
demo2_demo_entrepreneur_event_05,u_2862361c0d,role-demo_entrepreneur,role-demo_entrepreneur-simulated-turn-05,2024-09-18T15:30:00+08:00,我把黑客松原型带回校园测试，并根据反馈连续迭代了三个版本,"[{""code"": ""satisfaction"", ""label"": ""满足"", ""intensity"": 0.76, ""score"": 0.76}, {""code"": ""confusion"", ""label"": ""迷茫"", ""intensity"": 0.36, ""score"": 0.36}]",持续观察真实使用情况，让我开始用验证结果而不是个人偏好做决定。,demo_entrepreneur,demo2_demo_entrepreneur_event_04,,demo_entrepreneur,创业者的我,从大一起，我自学前端搭建课程资料网站，体验到创造能回应他人需要的喜悦。半年后，我主动访谈二十位同学，发现先理解需求比急于增加功能更重要，情绪从兴奋转为踏实的满足。大二时，我在创新社团结识两位伙伴，一起做校园二手交换工具，开始学习分工与沟通，乐观中带着焦虑。今年七月，我和队友参加黑客松，两天内完成产品原型，喜悦强烈但焦虑并存，体会到有限时间里完成核心功能比堆叠功能更有价值。九月，我把原型带回校园测试，根据反馈连续迭代三个版本，感到满足，也伴有些许迷茫。这次经历让我开始用验证结果而不是个人偏好做决定。,2025-08-16T16:00:00+08:00
demo2_demo_entrepreneur_event_06,u_2862361c0d,role-demo_entrepreneur,role-demo_entrepreneur-simulated-turn-06,2024-12-08T18:30:00+08:00,我邀请一位创业学长喝咖啡，认真询问早期团队、现金流和失败经历,"[{""code"": ""calm"", ""label"": ""平静"", ""intensity"": 0.63, ""score"": 0.63}, {""code"": ""anxiety"", ""label"": ""焦虑"", ""intensity"": 0.42, ""score"": 0.42}]",这次交流让我看到创业的现实成本，也让我愿意更审慎地准备而不是浪漫化选择。,demo_entrepreneur,demo2_demo_entrepreneur_event_05,,demo_entrepreneur,创业者的我,从大一起，我自学前端搭建课程资料网站，体验到创造能回应他人需要的喜悦。半年后，我主动访谈二十位同学，发现先理解需求比急于增加功能更重要，情绪从兴奋转为踏实的满足。大二时，我在创新社团结识两位伙伴，一起做校园二手交换工具，开始学习分工与沟通，乐观中带着焦虑。今年七月，我和队友参加黑客松，两天内完成产品原型，体会到有限时间里完成核心功能比堆叠功能更有价值。九月，我把原型带回校园测试，根据反馈连续迭代三个版本，感到满足，也伴有些许迷茫，开始用验证结果而不是个人偏好做决定。十二月，我邀请一位创业学长喝咖啡，认真询问早期团队、现金流和失败经历，情绪平静中带着焦虑。,2025-09-24T11:00:00+08:00
demo2_demo_bigtech_event_06,u_2862361c0d,role-demo_bigtech,role-demo_bigtech-simulated-turn-06,2025-01-20T10:30:00+08:00,大三寒假我进入科技公司实习，完成了第一个进入测试环境的需求,"[{""code"": ""joy"", ""label"": ""喜悦"", ""intensity"": 0.77, ""score"": 0.77}, {""code"": ""anxiety"", ""label"": ""焦虑"", ""intensity"": 0.56, ""score"": 0.56}]",真实代码库让我看到可靠交付所需的细节，也让我愿意适应更严格的工程标准。,demo_bigtech,demo2_demo_bigtech_event_05,,demo_bigtech,进大厂的我,从大一独立完成小程序开始，我体验到调试成功的喜悦，萌生了打牢工程基础的意愿。2023年加入校园开源项目后，首次接受代码审查让我明白，可读性与协作习惯和功能正确同样重要，学习重心从个人调试转向关注代码质量。同年系统学习数据结构与计算机网络，持续补基础让我从追求快速答案，转向理解系统的工作原理。2024年校内技术比赛中负责后端，接口约定与故障排查让我感受到团队工程的节奏。随后准备实习时，整理作品集的过程让我意识到，真正重要的不只是做过什么，还包括为什么这样设计。大三寒假进入科技公司实习，完成第一个进入测试环境的需求，真实代码库让我看到可靠交付所需的细节，也让我愿意适应更严格的工程标准。,2025-11-25T14:30:00+08:00
demo2_demo_phd_event_07,u_2862361c0d,role-demo_phd,role-demo_phd-simulated-turn-07,2025-02-16T19:30:00+08:00,大三我完成本科研究计划书，反复修改研究问题和实验设计,"[{""code"": ""satisfaction"", ""label"": ""满足"", ""intensity"": 0.71, ""score"": 0.71}, {""code"": ""confusion"", ""label"": ""迷茫"", ""intensity"": 0.4, ""score"": 0.4}]",把模糊兴趣压缩成可研究的问题，让我看见自己在论证和方法上的成长空间。,demo_phd,demo2_demo_phd_event_06,,demo_phd,读phd的我,从大一实验室开放日看到学长展示项目时的惊讶与乐观，到完成课程论文复现时体会到满足与轻微焦虑，我逐渐将研究从抽象好奇转化为具体实践。主动申请成为研究助理时，焦虑与乐观并存，我开始学习表达兴趣和面对不足。加入文献阅读小组并讲解论文后，公开表达暴露了理解空白，也让我学会提出更具体的问题。协助整理实验数据并排查复现失败时，迷茫与平静交织，我意识到规范记录和耐心验证能把困惑转化为线索。暑研期间独立负责小问题并汇报结果，喜悦与焦虑相伴，我确认自己愿意面对较长反馈周期。最近完成本科研究计划书，反复修改研究问题和实验设计，满足与迷茫并存，让我看见自己在论证和方法上的成长空间。,2026-02-03T16:00:00+08:00
demo2_demo_bigtech_event_07,u_2862361c0d,role-demo_bigtech,role-demo_bigtech-simulated-turn-07,2025-03-12T17:30:00+08:00,实习中我根据代码审查意见补充测试，并参与了一次问题复盘,"[{""code"": ""satisfaction"", ""label"": ""满足"", ""intensity"": 0.69, ""score"": 0.69}, {""code"": ""calm"", ""label"": ""平静"", ""intensity"": 0.52, ""score"": 0.52}]",面对反馈时从防御转向理解系统风险，让我开始形成更成熟的工程责任感。,demo_bigtech,demo2_demo_bigtech_event_06,,demo_bigtech,进大厂的我,从大一独立完成小程序开始，我体验到调试成功的喜悦，萌生了打牢工程基础的意愿。2023年加入校园开源项目后，首次接受代码审查让我明白，可读性与协作习惯和功能正确同样重要，学习重心从个人调试转向关注代码质量。同年系统学习数据结构与计算机网络，持续补基础让我从追求快速答案，转向理解系统的工作原理。2024年校内技术比赛中负责后端，接口约定与故障排查让我感受到团队工程的节奏。随后准备实习时，整理作品集的过程让我意识到，真正重要的不只是做过什么，还包括为什么这样设计。大三寒假进入科技公司实习，完成第一个进入测试环境的需求，真实代码库让我看到可靠交付所需的细节。,2026-01-09T20:00:00+08:00
demo2_demo_entrepreneur_event_07,u_2862361c0d,role-demo_entrepreneur,role-demo_entrepreneur-simulated-turn-07,2025-03-15T11:00:00+08:00,大三产品实习中，我跟着导师完成了用户调研、需求取舍和上线复盘,"[{""code"": ""satisfaction"", ""label"": ""满足"", ""intensity"": 0.81, ""score"": 0.81}, {""code"": ""optimism"", ""label"": ""乐观"", ""intensity"": 0.67, ""score"": 0.67}]",完整参与产品流程，让我补上了从想法到交付之间的系统方法。,demo_entrepreneur,demo2_demo_entrepreneur_event_06,,demo_entrepreneur,创业者的我,从大一起，我自学前端搭建课程资料网站，体验到创造能回应他人需要的喜悦。半年后，我主动访谈二十位同学，发现先理解需求比急于增加功能更重要，情绪从兴奋转为踏实的满足。大二时，我在创新社团结识两位伙伴，一起做校园二手交换工具，开始学习分工与沟通，乐观中带着焦虑。今年七月，我和队友参加黑客松，两天内完成产品原型，体会到有限时间里完成核心功能比堆叠功能更有价值。九月，我把原型带回校园测试，根据反馈连续迭代三个版本，感到满足，也伴有些许迷茫，开始用验证结果而不是个人偏好做决定。十二月，我邀请一位创业学长喝咖啡，认真询问早期团队、现金流和失败经历，情绪平静中带着焦虑。,2025-11-06T15:30:00+08:00
demo2_demo_phd_event_08,u_2862361c0d,role-demo_phd,role-demo_phd-simulated-turn-08,2025-06-09T17:00:00+08:00,我和不同学校的在读博士交流，开始整理适合自己的研究方向与申请准备,"[{""code"": ""optimism"", ""label"": ""乐观"", ""intensity"": 0.7, ""score"": 0.7}, {""code"": ""calm"", ""label"": ""平静"", ""intensity"": 0.58, ""score"": 0.58}]",真实交流让我不再只看排名，而是关注研究匹配、指导方式和自己是否愿意长期投入。,demo_phd,demo2_demo_phd_event_07,,demo_phd,读phd的我,从大一实验室开放日看到学长展示项目时的惊讶与乐观，到完成课程论文复现时体会到满足与轻微焦虑，我逐渐将研究从抽象好奇转化为具体实践。主动申请成为研究助理时，焦虑与乐观并存，我开始学习表达兴趣和面对不足。加入文献阅读小组并讲解论文后，公开表达暴露了理解空白，也让我学会提出更具体的问题。协助整理实验数据并排查复现失败时，迷茫与平静交织，我意识到规范记录和耐心验证能把困惑转化为线索。暑研期间独立负责小问题并汇报结果，喜悦与焦虑相伴，我确认自己愿意面对较长反馈周期。完成本科研究计划书时，满足与迷茫并存，让我看见自己在论证和方法上的成长空间。,2026-03-27T19:00:00+08:00
demo2_demo_bigtech_event_08,u_2862361c0d,role-demo_bigtech,role-demo_bigtech-simulated-turn-08,2025-06-21T16:00:00+08:00,我结合实习体验比较不同技术方向，开始准备秋招并主动联系学长了解团队,"[{""code"": ""optimism"", ""label"": ""乐观"", ""intensity"": 0.72, ""score"": 0.72}, {""code"": ""confusion"", ""label"": ""迷茫"", ""intensity"": 0.39, ""score"": 0.39}]",我不再只追求公司名气，而是更关注成长环境、问题价值与适合自己的工作方式。,demo_bigtech,demo2_demo_bigtech_event_07,,demo_bigtech,进大厂的我,从大一独立完成小程序开始，我体验到调试成功的喜悦，萌生了打牢工程基础的意愿。2023年加入校园开源项目后，首次接受代码审查让我明白，可读性与协作习惯和功能正确同样重要，学习重心从个人调试转向关注代码质量。同年系统学习数据结构与计算机网络，持续补基础让我从追求快速答案，转向理解系统的工作原理。2024年校内技术比赛中负责后端，接口约定与故障排查让我感受到团队工程的节奏。随后准备实习时，整理作品集的过程让我意识到，真正重要的不只是做过什么，还包括为什么这样设计。大三寒假进入科技公司实习，完成第一个进入测试环境的需求，真实代码库让我看到可靠交付所需的细节。,2026-03-02T17:00:00+08:00
demo2_demo_entrepreneur_event_08,u_2862361c0d,role-demo_entrepreneur,role-demo_entrepreneur-simulated-turn-08,2025-06-28T14:30:00+08:00,我用课余项目争取到一个校园组织的小额付费试点,"[{""code"": ""joy"", ""label"": ""喜悦"", ""intensity"": 0.86, ""score"": 0.86}, {""code"": ""calm"", ""label"": ""平静"", ""intensity"": 0.61, ""score"": 0.61}]",第一次有人愿意为解决方案付费，让我更具体地理解价值验证，也更想探索创业道路。,demo_entrepreneur,demo2_demo_entrepreneur_event_07,,demo_entrepreneur,创业者的我,从大一起，我自学前端搭建课程资料网站，体验到创造能回应他人需要的喜悦。半年后，我主动访谈二十位同学，发现先理解需求比急于增加功能更重要，情绪从兴奋转为踏实的满足。大二时，我在创新社团结识两位伙伴，一起做校园二手交换工具，开始学习分工与沟通，乐观中带着焦虑。今年七月，我和队友参加黑客松，两天内完成产品原型，体会到有限时间里完成核心功能比堆叠功能更有价值。九月，我把原型带回校园测试，根据反馈连续迭代三个版本，感到满足，也伴有些许迷茫，开始用验证结果而不是个人偏好做决定。十二月，我邀请一位创业学长喝咖啡，认真询问早期团队、现金流和失败经历，情绪平静中带着焦虑。,2026-01-18T13:00:00+08:00
demo2_event_604a4215b7,u_2862361c0d,role-p_d37a8f09,m_824213b87862,2026-07-01T00:00:00Z,做过一段多模态研究,"[{""code"": ""satisfaction"", ""label"": ""满足"", ""intensity"": 0.7, ""score"": 0.8}]",用户认为多模态研究很有意思，表达了对该经历的积极感受。,p_d37a8f09,,,p_d37a8f09,大厂多模态算法工程师·第三年冬,这是该分支的首个事件。用户提到自己在2026年7月做过一段多模态研究，并认为这段经历很有意思。从用户的表述中，可以感受到一种对研究本身的纯粹兴趣和满足感，而非关注外部收益或评价。这种对学术探索的积极态度，可能反映了用户在该阶段对知识发现和跨领域整合的天然热情。用户没有提及后续发展或情绪波动，因此当前成长轨迹主要围绕一次愉快的研究体验展开，尚未显现出更复杂的认知转变或挑战应对。,2026-07-24T18:47:51.559765Z
demo2_event_2f4d202214,u_2862361c0d,role-p_fd39160b,m_72b7bd1b21bb,2026-07-24T18:13:36.441796Z,与HCI大厂工作人员深入交流,"[{""code"": ""satisfaction"", ""label"": ""满足"", ""intensity"": 0.6, ""score"": 0.5}]",用户认为与HCI大厂工作人员的交流收获很多。,p_fd39160b,,,p_fd39160b,HCI 研究者·第三年秋,用户从2026年在AdventureX搭建了一个HCI软件产品开始，认为这个产品非常有意思，随后又提到在同年发表了一篇HCI领域的论文，展现出在学术和产品实践两方面的探索。接着用户与一个大厂工作人员进行了深入交流，收获很多，表明用户不仅注重个人创作，也积极寻求行业经验与反馈。整体来看，用户从独立搭建产品、发表学术成果，到与业界人士对话，逐步拓展了在HCI领域的视野和资源，行动上从产出到交流，感受上从满足到收获，体现出一种主动积累经验、不断学习成长的轨迹。,2026-07-24T18:13:36.441796Z
demo2_event_b0550e8ef6,u_2862361c0d,role-p_fd39160b,m_2f26014fa773,2026-07-24T18:21:31.208069Z,在AdventureX搭建HCI产品,"[{""code"": ""satisfaction"", ""label"": ""满足"", ""intensity"": 0.5, ""score"": 0.5}]",用户讲述自己在2026年AdventureX搭建了一个与HCI相关的软件产品，认为它非常有意思且值得分享。,p_fd39160b,demo2_event_2f4d202214,,p_fd39160b,HCI 研究者·第三年秋,用户从2026年在AdventureX搭建了一个HCI软件产品开始，认为这个产品非常有意思，随后又提到在同年发表了一篇HCI领域的论文，展现出在学术和产品实践两方面的探索。接着用户与一个大厂工作人员进行了深入交流，收获很多，表明用户不仅注重个人创作，也积极寻求行业经验与反馈。之后用户还与HCI教授进行了聊天，进一步拓展了学术交流的维度。整体来看，用户从独立搭建产品、发表学术成果，到与业界人士和教授对话，逐步拓展了在HCI领域的视野和资源，行动上从产出到交流，感受上从满足到收获，体现出一种主动积累经验、不断学习成长的轨迹。,2026-07-24T17:58:06.061054Z
demo2_event_37dffe2ef4,u_2862361c0d,role-p_fd39160b,m_40803be5fbe8,2026-07-24T18:21:33.358335Z,发表HCI领域论文,"[{""code"": ""satisfaction"", ""label"": ""满足"", ""intensity"": 0.5, ""score"": 0.5}]",用户提到自己在2026年发表了一篇HCI领域的论文，作为成就分享。,p_fd39160b,demo2_event_b0550e8ef6,,p_fd39160b,HCI 研究者·第三年秋,用户从2026年在AdventureX搭建了一个HCI软件产品开始，认为这个产品非常有意思，随后又提到在同年发表了一篇HCI领域的论文，展现出在学术和产品实践两方面的探索。接着用户与一个大厂工作人员进行了深入交流，收获很多，表明用户不仅注重个人创作，也积极寻求行业经验与反馈。之后用户还与HCI教授进行了聊天，进一步拓展了学术交流的维度。整体来看，用户从独立搭建产品、发表学术成果，到与业界人士和教授对话，逐步拓展了在HCI领域的视野和资源，行动上从产出到交流，感受上从满足到收获，体现出一种主动积累经验、不断学习成长的轨迹。,2026-07-24T17:59:14.144671Z
demo2_event_7edc417f22,u_2862361c0d,role-p_fd39160b,m_dbda0bb620bd,2026-07-24T18:21:37.678216Z,与HCI教授聊天,"[{""code"": ""calm"", ""label"": ""平静"", ""intensity"": 0.5, ""score"": 0.5}]",用户提到自己和HCI教授进行了聊天，作为一次交流经历。,p_fd39160b,demo2_event_37dffe2ef4,,p_fd39160b,HCI 研究者·第三年秋,用户从2026年在AdventureX搭建了一个HCI软件产品开始，认为这个产品非常有意思，随后又提到在同年发表了一篇HCI领域的论文，展现出在学术和产品实践两方面的探索。接着用户与一个大厂工作人员进行了深入交流，收获很多，表明用户不仅注重个人创作，也积极寻求行业经验与反馈。之后用户还与HCI教授进行了聊天，进一步拓展了学术交流的维度。整体来看，用户从独立搭建产品、发表学术成果，到与业界人士和教授对话，逐步拓展了在HCI领域的视野和资源，行动上从产出到交流，感受上从满足到收获，体现出一种主动积累经验、不断学习成长的轨迹。,2026-07-24T18:21:37.678216Z
event_c75f2724a9,u_7a63aee8d8,role-p_test_ai_eng,m_d9aa5bc95883,2026-07-25T08:59:25.957413Z,听多模态大模型研究讲座,"[{""code"": ""joy"", ""label"": ""喜悦"", ""intensity"": 0.5, ""score"": 0.5}]",讲座内容关于视觉-语言对齐的新方法，让我很受启发。,p_test_ai_eng,,,p_test_ai_eng,大厂多模态工程师,在接触多模态大模型研究讲座之前，我对人工智能的理解较为基础，主要停留在应用层面。通过这次讲座，我第一次深入了解了视觉-语言对齐的技术细节，认识到跨模态融合的复杂性与创新性。这次经历不仅拓宽了我的技术视野，也激发了我对前沿研究的兴趣，开始主动关注领域内的最新进展。讲座中的具体案例和方法论让我意识到理论与实践结合的重要性，促使我思考如何将所学知识应用到实际项目中。,2026-07-25T08:26:13.398500Z
event_6497a2e84d,u_7a63aee8d8,role-p_test_ai_eng,m_0b47f3939df4,2026-07-25T08:59:25.964847Z,牵头做多模态标注质量复盘会,[],发现了标注一致性的问题，需要解决数据标注质量瓶颈。,p_test_ai_eng,event_c75f2724a9,,p_test_ai_eng,大厂多模态工程师,在参加多模态研究讲座后，我开始将理论知识与实践结合，主动牵头组织了内部的多模态标注质量复盘会。这次经历让我从单纯的技术学习者转变为问题解决者，直面实际项目中的数据质量挑战。通过复盘，我意识到标注一致性对模型性能的关键影响，这促使我思考如何优化标注流程。从受启发到发现问题，我逐步建立了理论与实践的连接，开始关注如何将前沿技术落地到具体业务场景中，推动团队向更精细化的数据管理方向发展。,2026-07-25T08:59:25.964847Z
demo_bigtech_event_01,u_caca42b8b3,role-demo_bigtech,role-demo_bigtech-simulated-turn-01,2022-09-24T15:00:00+08:00,大一编程课上，我第一次独立完成一个能稳定运行的小程序,"[{""code"": ""joy"", ""label"": ""喜悦"", ""intensity"": 0.73, ""score"": 0.73}, {""code"": ""optimism"", ""label"": ""乐观"", ""intensity"": 0.62, ""score"": 0.62}]",从报错到跑通的过程让我获得成就感，也愿意继续打牢工程基础。,demo_bigtech,,,demo_bigtech,进大厂的我,2022年9月，大一编程课上，我第一次独立完成一个能稳定运行的小程序。从反复报错到最终跑通，这个过程让我感受到清晰的喜悦和乐观。这次经历让我体会到，通过耐心调试和持续尝试，可以克服技术障碍，并获得实实在在的成就感。基于这次体验，我萌生了继续打牢工程基础的意愿，认为扎实的编程能力是未来发展的起点。那时，我对技术学习抱有积极期待，愿意投入时间与精力去积累。这一节点标志着我从被动接受知识转向主动探索实践，开始将编程视为一种可以掌控和创造的工具。尽管当时尚未明确职业方向，但这次成功的小程序运行，为我后续选择进入大厂、追求更系统化技术环境埋下了最初的动力。,2025-01-13T10:00:00+08:00
demo_entrepreneur_event_01,u_caca42b8b3,role-demo_entrepreneur,role-demo_entrepreneur-simulated-turn-01,2022-10-16T14:00:00+08:00,大一时我自学前端，搭了一个帮助同学整理课程资料的小网站,"[{""code"": ""joy"", ""label"": ""喜悦"", ""intensity"": 0.78, ""score"": 0.78}, {""code"": ""optimism"", ""label"": ""乐观"", ""intensity"": 0.7, ""score"": 0.7}]",第一次独立把需求做成可使用的页面，让我发现自己喜欢创造能解决身边问题的东西。,demo_entrepreneur,,,demo_entrepreneur,创业者的我,在大一那年，我自学前端，搭建了一个帮助同学整理课程资料的小网站。这件事让我感到喜悦和乐观，情绪强度较高。当时我意识到，这是第一次独立把需求做成可使用的页面，从中发现自己喜欢创造能解决身边问题的东西。这个起点让我初步体会到，技术不只是代码，而是可以回应他人实际需要的工具。虽然那时还没有明确的创业想法，但那种从想法到实现的满足感，让我对“创造”这件事产生了持续的兴趣。我开始更主动地观察周围人的不便，思考如何用简单的方式去改善。这个阶段，我的行动更多是出于好奇和尝试，而非规划。但正是这份自发的好奇，让我逐渐走向更主动的探索，也为后来更具体的创业尝试埋下了最初的种子。,2025-03-08T10:00:00+08:00
demo_phd_event_01,u_caca42b8b3,role-demo_phd,role-demo_phd-simulated-turn-01,2022-11-05T10:00:00+08:00,大一参加实验室开放日时，我第一次近距离看到学长展示研究项目,"[{""code"": ""surprise"", ""label"": ""惊讶"", ""intensity"": 0.72, ""score"": 0.72}, {""code"": ""optimism"", ""label"": ""乐观"", ""intensity"": 0.65, ""score"": 0.65}]",研究把好奇心变成可检验的问题，这种工作方式让我产生了持续了解的兴趣。,demo_phd,,,demo_phd,读phd的我,大一参加实验室开放日，我近距离看到学长展示研究项目，感到惊讶和乐观。惊讶于研究能把抽象的好奇心转化为可检验的问题，乐观则源于这种工作方式让我觉得有趣且可接近。当时我并没有明确的目标，只是觉得持续了解下去是自然的。这个节点让我初步意识到，研究不是遥不可及的事，而是可以一步步接近的实践。从起点到此刻，我还没有经历更多事件，但这份最初的触动为后续的选择埋下了种子。它让我对“读phd”这个方向产生了温和的向往，尽管还谈不上坚定，但至少愿意继续观察和尝试。,2025-02-17T09:30:00+08:00
demo_entrepreneur_event_02,u_caca42b8b3,role-demo_entrepreneur,role-demo_entrepreneur-simulated-turn-02,2023-03-25T16:00:00+08:00,我主动找二十位同学访谈，了解他们使用课程网站时真正遇到的困难,"[{""code"": ""surprise"", ""label"": ""惊讶"", ""intensity"": 0.62, ""score"": 0.62}, {""code"": ""satisfaction"", ""label"": ""满足"", ""intensity"": 0.58, ""score"": 0.58}]",具体反馈让我意识到，先理解别人为什么需要，比急着增加功能更重要。,demo_entrepreneur,demo_entrepreneur_event_01,,demo_entrepreneur,创业者的我,从大一开始，我自学前端搭建了课程资料网站，那次经历让我感到喜悦和乐观，也让我第一次体会到，技术可以回应身边人的实际需要。带着这份好奇，半年后我主动访谈了二十位同学，了解他们使用网站时真正的困难。这次访谈让我感到惊讶和满足，因为我发现，具体反馈比急着增加功能更有价值。我开始意识到，先理解别人为什么需要，比单纯追求技术实现更重要。从最初的自发尝试到主动收集意见，我的行动从“做出来”转向“问清楚”，情绪也从单纯的兴奋转为更踏实的满足。这两个阶段之间，我逐渐从关注自己的创造，转向关注使用者的真实感受，这种视角的变化让我对创业的理解不再只是做出一个产品，而是学会倾听和回应。,2025-04-19T14:30:00+08:00
demo_bigtech_event_02,u_caca42b8b3,role-demo_bigtech,role-demo_bigtech-simulated-turn-02,2023-04-09T13:30:00+08:00,我加入校园开源项目，第一次按照规范提交代码并接受代码审查,"[{""code"": ""anxiety"", ""label"": ""焦虑"", ""intensity"": 0.48, ""score"": 0.48}, {""code"": ""satisfaction"", ""label"": ""满足"", ""intensity"": 0.57, ""score"": 0.57}]",别人对代码的反馈让我理解，可读性、测试和协作习惯与功能正确同样重要。,demo_bigtech,demo_bigtech_event_01,,demo_bigtech,进大厂的我,从大一编程课获得成就感后，我在2023年4月加入校园开源项目，第一次按规范提交代码并接受审查。面对反馈时，我感到轻微的焦虑，但更多是满足。这次经历让我理解，可读性、测试和协作习惯与功能正确同样重要。相比之前专注于个人调试和跑通程序，我开始意识到代码是团队协作的产物。这种认识促使我调整学习重心，从单纯追求功能实现，转向关注代码质量和沟通方式。虽然当时尚未明确职业路径，但这次体验强化了我对系统化技术环境的向往，为后续考虑进入大厂积累了更具体的理解。,2025-03-04T17:30:00+08:00
demo_phd_event_02,u_caca42b8b3,role-demo_phd,role-demo_phd-simulated-turn-02,2023-05-14T20:00:00+08:00,我认真完成统计与编程课程，并用课程项目复现了一篇论文里的简单实验,"[{""code"": ""satisfaction"", ""label"": ""满足"", ""intensity"": 0.73, ""score"": 0.73}, {""code"": ""anxiety"", ""label"": ""焦虑"", ""intensity"": 0.38, ""score"": 0.38}]",复现过程让我体会到证据、方法和细节的重要，也发现自己能享受长时间钻研。,demo_phd,demo_phd_event_01,,demo_phd,读phd的我,从大一的实验室开放日到完成课程项目复现论文实验，我经历了一段从好奇到实践的转变。最初，看到学长展示研究项目时，惊讶和乐观让我觉得研究是把好奇心转化为可检验问题的工作方式，这让我产生了持续了解的兴趣，尽管当时还没有明确目标。半年多后，在认真完成统计与编程课程并尝试复现论文实验的过程中，我体会到满足感，也伴随着轻微的焦虑。复现让我意识到证据、方法和细节的重要性，也发现自己能享受长时间钻研。这种感受与最初的触动相连：研究不再是抽象的概念，而是需要耐心和具体操作的实践。从惊讶到满足，从乐观到略带焦虑，我对读phd的向往变得更具体，也更清楚自己愿意为此付出努力，尽管前路仍有许多未知。,2025-03-21T15:00:00+08:00
demo_phd_event_03,u_caca42b8b3,role-demo_phd,role-demo_phd-simulated-turn-03,2023-10-21T14:00:00+08:00,大二我主动给老师写邮件，申请成为实验室本科研究助理,"[{""code"": ""anxiety"", ""label"": ""焦虑"", ""intensity"": 0.61, ""score"": 0.61}, {""code"": ""optimism"", ""label"": ""乐观"", ""intensity"": 0.66, ""score"": 0.66}]",主动争取机会需要承认自己的不足，也让我开始学习如何清楚表达兴趣和准备。,demo_phd,demo_phd_event_02,,demo_phd,读phd的我,从大一实验室开放日的惊讶与乐观，到大二完成课程项目复现论文时的满足与轻微焦虑，再到如今主动申请成为本科研究助理，我的感受和行动在逐步具体化。最初，研究让我觉得是把好奇心转化为可检验问题的工作方式，这让我愿意持续了解。后来，复现实验让我体会到证据和细节的重要，也发现自己能享受长时间钻研，这使我对读phd的向往变得更实在。现在，主动给老师写邮件时，焦虑与乐观并存——焦虑源于承认自己不足，乐观则来自对机会的期待。我开始学习如何清楚表达兴趣和准备，这与我此前从好奇到实践的转变一脉相承。每一步都让我更接近研究本身，也让我意识到，读phd不仅是向往，更需要主动争取和面对未知的勇气。,2025-06-12T23:10:00+08:00
demo_entrepreneur_event_03,u_caca42b8b3,role-demo_entrepreneur,role-demo_entrepreneur-simulated-turn-03,2023-11-12T19:00:00+08:00,大二时我在创新社团认识了两位伙伴，一起做校园二手交换工具,"[{""code"": ""optimism"", ""label"": ""乐观"", ""intensity"": 0.75, ""score"": 0.75}, {""code"": ""anxiety"", ""label"": ""焦虑"", ""intensity"": 0.43, ""score"": 0.43}]",第一次持续和伙伴协作，让我开始学习分工、承诺与及时沟通。,demo_entrepreneur,demo_entrepreneur_event_02,,demo_entrepreneur,创业者的我,从大一起，我自学前端搭建课程资料网站，体验到创造能回应他人需要的喜悦。半年后，我主动访谈二十位同学，发现先理解需求比急于增加功能更重要，情绪从兴奋转为踏实的满足。大二时，我在创新社团结识两位伙伴，一起做校园二手交换工具。这次协作让我感到乐观，也伴随焦虑，因为我开始学习分工、承诺与及时沟通。从独自摸索到与人合作，我的行动从“做出来”转向“问清楚”，再到“一起做”。情绪从单纯的喜悦变得复杂，但乐观依然主导。我逐渐理解，创业不只是技术实现，更是倾听、协作和持续调整的过程。这段经历让我更清楚，创造需要回应真实问题，而合作需要耐心与坦诚。,2025-06-07T09:00:00+08:00
demo_bigtech_event_03,u_caca42b8b3,role-demo_bigtech,role-demo_bigtech-simulated-turn-03,2023-12-02T20:00:00+08:00,大二我系统学习数据结构与计算机网络，并为薄弱知识建立复习计划,"[{""code"": ""calm"", ""label"": ""平静"", ""intensity"": 0.58, ""score"": 0.58}, {""code"": ""satisfaction"", ""label"": ""满足"", ""intensity"": 0.65, ""score"": 0.65}]",持续补基础让我从追求快速答案，转向理解系统为什么这样工作。,demo_bigtech,demo_bigtech_event_02,,demo_bigtech,进大厂的我,从大一编程课独立完成小程序开始，我体验到调试成功的喜悦，萌生了打牢工程基础的意愿。2023年4月加入校园开源项目后，首次提交代码并接受审查，虽有些焦虑，但更多是满足。这次经历让我明白，可读性、测试和协作习惯与功能正确同样重要，学习重心从个人调试转向关注代码质量与团队沟通。同年12月，我系统学习数据结构与计算机网络，并为薄弱知识建立复习计划，情绪以平静和满足为主。持续补基础让我从追求快速答案，转向理解系统为什么这样工作。回顾这一路，从独立编程到协作开发，再到主动夯实理论，我的行动逐步从被动接受转向主动探索，对技术环境的向往也更为具体，为后续考虑进入大厂积累了更扎实的基础和更清晰的方向。,2025-05-26T21:00:00+08:00
demo_phd_event_04,u_caca42b8b3,role-demo_phd,role-demo_phd-simulated-turn-04,2024-01-13T16:30:00+08:00,我加入每周文献阅读小组，第一次完整讲解并讨论一篇论文,"[{""code"": ""anxiety"", ""label"": ""焦虑"", ""intensity"": 0.58, ""score"": 0.58}, {""code"": ""satisfaction"", ""label"": ""满足"", ""intensity"": 0.55, ""score"": 0.55}]",公开表达暴露了理解中的空白，也让我逐渐学会提出更具体的问题。,demo_phd,demo_phd_event_03,,demo_phd,读phd的我,从大一实验室开放日看到学长展示项目，到完成课程论文复现，再到主动申请成为研究助理，我逐步靠近研究实践。最初，惊讶和乐观让我觉得研究是把好奇心转化为可检验问题的方式，愿意持续了解。复现实验时，满足与轻微焦虑并存，我体会到证据和细节的重要，也发现自己能享受长时间钻研。主动申请助理时，焦虑与乐观交织，我开始学习表达兴趣和面对不足。最近，加入文献阅读小组并第一次完整讲解论文，焦虑与满足再次出现。公开表达暴露了理解中的空白，也让我逐渐学会提出更具体的问题。这些经历从好奇到实践，从被动观察到主动争取，每一步都让我更清楚读phd需要耐心和勇气，也让我对研究本身有了更实在的体会。,2025-09-28T11:00:00+08:00
demo_bigtech_event_04,u_caca42b8b3,role-demo_bigtech,role-demo_bigtech-simulated-turn-04,2024-05-18T10:00:00+08:00,我在校内技术比赛中负责后端，与三位同学协作完成服务部署,"[{""code"": ""joy"", ""label"": ""喜悦"", ""intensity"": 0.68, ""score"": 0.68}, {""code"": ""anxiety"", ""label"": ""焦虑"", ""intensity"": 0.54, ""score"": 0.54}]",接口约定、进度同步和故障排查让我第一次感受到团队工程的节奏。,demo_bigtech,demo_bigtech_event_03,,demo_bigtech,进大厂的我,从大一编程课独立完成小程序开始，我体验到调试成功的喜悦，萌生了打牢工程基础的意愿。2023年4月加入校园开源项目后，首次提交代码并接受审查，虽有些焦虑，但更多是满足。这次经历让我明白，可读性、测试和协作习惯与功能正确同样重要，学习重心从个人调试转向关注代码质量与团队沟通。同年12月，我系统学习数据结构与计算机网络，并为薄弱知识建立复习计划，情绪以平静和满足为主。持续补基础让我从追求快速答案，转向理解系统为什么这样工作。2024年5月，我在校内技术比赛中负责后端，与三位同学协作完成服务部署，既有喜悦也有焦虑。接口约定、进度同步和故障排查让我第一次感受到团队工程的节奏。,2025-08-11T14:00:00+08:00
demo_phd_event_05,u_caca42b8b3,role-demo_phd,role-demo_phd-simulated-turn-05,2024-06-22T11:00:00+08:00,我协助整理实验数据，并在老师指导下排查了一次复现失败,"[{""code"": ""confusion"", ""label"": ""迷茫"", ""intensity"": 0.57, ""score"": 0.57}, {""code"": ""calm"", ""label"": ""平静"", ""intensity"": 0.5, ""score"": 0.5}]",失败并非没有价值，规范记录和耐心验证能把困惑转化为下一步线索。,demo_phd,demo_phd_event_04,,demo_phd,读phd的我,从大一实验室开放日看到学长展示项目时的惊讶与乐观，到完成课程论文复现时体会到的满足与轻微焦虑，我逐渐将研究从抽象的好奇转化为具体的实践。主动申请成为研究助理时，焦虑与乐观并存，我开始学习表达兴趣和面对不足。加入文献阅读小组并讲解论文后，公开表达暴露了理解中的空白，也让我学会提出更具体的问题。最近，协助整理实验数据并排查复现失败时，迷茫与平静交织，我意识到失败并非没有价值，规范记录和耐心验证能把困惑转化为下一步线索。这些经历从好奇到实践，从被动观察到主动争取，每一步都让我更清楚读phd需要耐心和勇气，也让我对研究本身有了更实在的体会。,2025-11-09T20:00:00+08:00
demo_entrepreneur_event_04,u_caca42b8b3,role-demo_entrepreneur,role-demo_entrepreneur-simulated-turn-04,2024-07-20T09:00:00+08:00,我和队友参加 AdventureX 黑客松，在两天内完成并展示了产品原型,"[{""code"": ""joy"", ""label"": ""喜悦"", ""intensity"": 0.84, ""score"": 0.84}, {""code"": ""anxiety"", ""label"": ""焦虑"", ""intensity"": 0.55, ""score"": 0.55}]",有限时间里的取舍让我体会到，完成核心闭环比堆叠功能更有价值。,demo_entrepreneur,demo_entrepreneur_event_03,,demo_entrepreneur,创业者的我,从大一起，我自学前端搭建课程资料网站，体验到创造能回应他人需要的喜悦。半年后，我主动访谈二十位同学，发现先理解需求比急于增加功能更重要，情绪从兴奋转为踏实的满足。大二时，我在创新社团结识两位伙伴，一起做校园二手交换工具，开始学习分工与沟通，乐观中带着焦虑。今年七月，我和队友参加黑客松，两天内完成产品原型，喜悦强烈但焦虑并存。这次经历让我体会到，有限时间里完成核心功能比堆叠功能更有价值。从独自摸索到与人协作，再到在压力下取舍，我的行动逐步从“做出来”转向“问清楚”“一起做”和“聚焦核心”。情绪从单纯的喜悦变得复杂，但乐观始终主导。,2025-07-02T19:30:00+08:00
demo_phd_event_06,u_caca42b8b3,role-demo_phd,role-demo_phd-simulated-turn-06,2024-08-30T15:00:00+08:00,暑研期间我负责一个小问题，并在结项展示中汇报初步结果,"[{""code"": ""joy"", ""label"": ""喜悦"", ""intensity"": 0.75, ""score"": 0.75}, {""code"": ""anxiety"", ""label"": ""焦虑"", ""intensity"": 0.45, ""score"": 0.45}]",独立推进小问题让我更清楚研究节奏，也确认自己愿意面对较长的反馈周期。,demo_phd,demo_phd_event_05,,demo_phd,读phd的我,从大一实验室开放日看到学长展示项目时的惊讶与乐观，到完成课程论文复现时体会到满足与轻微焦虑，我逐渐将研究从抽象的好奇转化为具体实践。主动申请成为研究助理时，焦虑与乐观并存，我开始学习表达兴趣和面对不足。加入文献阅读小组并讲解论文后，公开表达暴露了理解中的空白，也让我学会提出更具体的问题。协助整理实验数据并排查复现失败时，迷茫与平静交织，我意识到规范记录和耐心验证能把困惑转化为线索。暑研期间独立负责一个小问题并汇报结果，喜悦与焦虑相伴，我确认自己愿意面对较长的反馈周期。从最初的好奇到主动争取，再到独立推进，每一步都让我更清楚读phd需要耐心和勇气，也让我对研究有了更实在的体会。,2025-12-18T10:30:00+08:00
demo_bigtech_event_05,u_caca42b8b3,role-demo_bigtech,role-demo_bigtech-simulated-turn-05,2024-09-07T19:00:00+08:00,我开始准备技术实习，把零散项目整理成可以说明设计取舍的作品集,"[{""code"": ""confusion"", ""label"": ""迷茫"", ""intensity"": 0.44, ""score"": 0.44}, {""code"": ""optimism"", ""label"": ""乐观"", ""intensity"": 0.63, ""score"": 0.63}]",准备过程让我意识到，真正重要的不只是做过什么，还包括为什么这样设计。,demo_bigtech,demo_bigtech_event_04,,demo_bigtech,进大厂的我,从大一编程课独立完成小程序开始，我体验到调试成功的喜悦，萌生了打牢工程基础的意愿。2023年4月加入校园开源项目后，首次提交代码并接受审查，虽有些焦虑，但更多是满足。这次经历让我明白，可读性、测试和协作习惯与功能正确同样重要，学习重心从个人调试转向关注代码质量与团队沟通。同年12月，我系统学习数据结构与计算机网络，并为薄弱知识建立复习计划，情绪以平静和满足为主。持续补基础让我从追求快速答案，转向理解系统为什么这样工作。2024年5月，我在校内技术比赛中负责后端，与三位同学协作完成服务部署，既有喜悦也有焦虑。接口约定、进度同步和故障排查让我第一次感受到团队工程的节奏。,2025-10-20T18:30:00+08:00
demo_entrepreneur_event_05,u_caca42b8b3,role-demo_entrepreneur,role-demo_entrepreneur-simulated-turn-05,2024-09-18T15:30:00+08:00,我把黑客松原型带回校园测试，并根据反馈连续迭代了三个版本,"[{""code"": ""satisfaction"", ""label"": ""满足"", ""intensity"": 0.76, ""score"": 0.76}, {""code"": ""confusion"", ""label"": ""迷茫"", ""intensity"": 0.36, ""score"": 0.36}]",持续观察真实使用情况，让我开始用验证结果而不是个人偏好做决定。,demo_entrepreneur,demo_entrepreneur_event_04,,demo_entrepreneur,创业者的我,从大一起，我自学前端搭建课程资料网站，体验到创造能回应他人需要的喜悦。半年后，我主动访谈二十位同学，发现先理解需求比急于增加功能更重要，情绪从兴奋转为踏实的满足。大二时，我在创新社团结识两位伙伴，一起做校园二手交换工具，开始学习分工与沟通，乐观中带着焦虑。今年七月，我和队友参加黑客松，两天内完成产品原型，喜悦强烈但焦虑并存，体会到有限时间里完成核心功能比堆叠功能更有价值。九月，我把原型带回校园测试，根据反馈连续迭代三个版本，感到满足，也伴有些许迷茫。这次经历让我开始用验证结果而不是个人偏好做决定。,2025-08-16T16:00:00+08:00
demo_entrepreneur_event_06,u_caca42b8b3,role-demo_entrepreneur,role-demo_entrepreneur-simulated-turn-06,2024-12-08T18:30:00+08:00,我邀请一位创业学长喝咖啡，认真询问早期团队、现金流和失败经历,"[{""code"": ""calm"", ""label"": ""平静"", ""intensity"": 0.63, ""score"": 0.63}, {""code"": ""anxiety"", ""label"": ""焦虑"", ""intensity"": 0.42, ""score"": 0.42}]",这次交流让我看到创业的现实成本，也让我愿意更审慎地准备而不是浪漫化选择。,demo_entrepreneur,demo_entrepreneur_event_05,,demo_entrepreneur,创业者的我,从大一起，我自学前端搭建课程资料网站，体验到创造能回应他人需要的喜悦。半年后，我主动访谈二十位同学，发现先理解需求比急于增加功能更重要，情绪从兴奋转为踏实的满足。大二时，我在创新社团结识两位伙伴，一起做校园二手交换工具，开始学习分工与沟通，乐观中带着焦虑。今年七月，我和队友参加黑客松，两天内完成产品原型，体会到有限时间里完成核心功能比堆叠功能更有价值。九月，我把原型带回校园测试，根据反馈连续迭代三个版本，感到满足，也伴有些许迷茫，开始用验证结果而不是个人偏好做决定。十二月，我邀请一位创业学长喝咖啡，认真询问早期团队、现金流和失败经历，情绪平静中带着焦虑。,2025-09-24T11:00:00+08:00
demo_bigtech_event_06,u_caca42b8b3,role-demo_bigtech,role-demo_bigtech-simulated-turn-06,2025-01-20T10:30:00+08:00,大三寒假我进入科技公司实习，完成了第一个进入测试环境的需求,"[{""code"": ""joy"", ""label"": ""喜悦"", ""intensity"": 0.77, ""score"": 0.77}, {""code"": ""anxiety"", ""label"": ""焦虑"", ""intensity"": 0.56, ""score"": 0.56}]",真实代码库让我看到可靠交付所需的细节，也让我愿意适应更严格的工程标准。,demo_bigtech,demo_bigtech_event_05,,demo_bigtech,进大厂的我,从大一独立完成小程序开始，我体验到调试成功的喜悦，萌生了打牢工程基础的意愿。2023年加入校园开源项目后，首次接受代码审查让我明白，可读性与协作习惯和功能正确同样重要，学习重心从个人调试转向关注代码质量。同年系统学习数据结构与计算机网络，持续补基础让我从追求快速答案，转向理解系统的工作原理。2024年校内技术比赛中负责后端，接口约定与故障排查让我感受到团队工程的节奏。随后准备实习时，整理作品集的过程让我意识到，真正重要的不只是做过什么，还包括为什么这样设计。大三寒假进入科技公司实习，完成第一个进入测试环境的需求，真实代码库让我看到可靠交付所需的细节，也让我愿意适应更严格的工程标准。,2025-11-25T14:30:00+08:00
demo_phd_event_07,u_caca42b8b3,role-demo_phd,role-demo_phd-simulated-turn-07,2025-02-16T19:30:00+08:00,大三我完成本科研究计划书，反复修改研究问题和实验设计,"[{""code"": ""satisfaction"", ""label"": ""满足"", ""intensity"": 0.71, ""score"": 0.71}, {""code"": ""confusion"", ""label"": ""迷茫"", ""intensity"": 0.4, ""score"": 0.4}]",把模糊兴趣压缩成可研究的问题，让我看见自己在论证和方法上的成长空间。,demo_phd,demo_phd_event_06,,demo_phd,读phd的我,从大一实验室开放日看到学长展示项目时的惊讶与乐观，到完成课程论文复现时体会到满足与轻微焦虑，我逐渐将研究从抽象好奇转化为具体实践。主动申请成为研究助理时，焦虑与乐观并存，我开始学习表达兴趣和面对不足。加入文献阅读小组并讲解论文后，公开表达暴露了理解空白，也让我学会提出更具体的问题。协助整理实验数据并排查复现失败时，迷茫与平静交织，我意识到规范记录和耐心验证能把困惑转化为线索。暑研期间独立负责小问题并汇报结果，喜悦与焦虑相伴，我确认自己愿意面对较长反馈周期。最近完成本科研究计划书，反复修改研究问题和实验设计，满足与迷茫并存，让我看见自己在论证和方法上的成长空间。,2026-02-03T16:00:00+08:00
demo_bigtech_event_07,u_caca42b8b3,role-demo_bigtech,role-demo_bigtech-simulated-turn-07,2025-03-12T17:30:00+08:00,实习中我根据代码审查意见补充测试，并参与了一次问题复盘,"[{""code"": ""satisfaction"", ""label"": ""满足"", ""intensity"": 0.69, ""score"": 0.69}, {""code"": ""calm"", ""label"": ""平静"", ""intensity"": 0.52, ""score"": 0.52}]",面对反馈时从防御转向理解系统风险，让我开始形成更成熟的工程责任感。,demo_bigtech,demo_bigtech_event_06,,demo_bigtech,进大厂的我,从大一独立完成小程序开始，我体验到调试成功的喜悦，萌生了打牢工程基础的意愿。2023年加入校园开源项目后，首次接受代码审查让我明白，可读性与协作习惯和功能正确同样重要，学习重心从个人调试转向关注代码质量。同年系统学习数据结构与计算机网络，持续补基础让我从追求快速答案，转向理解系统的工作原理。2024年校内技术比赛中负责后端，接口约定与故障排查让我感受到团队工程的节奏。随后准备实习时，整理作品集的过程让我意识到，真正重要的不只是做过什么，还包括为什么这样设计。大三寒假进入科技公司实习，完成第一个进入测试环境的需求，真实代码库让我看到可靠交付所需的细节。,2026-01-09T20:00:00+08:00
demo_entrepreneur_event_07,u_caca42b8b3,role-demo_entrepreneur,role-demo_entrepreneur-simulated-turn-07,2025-03-15T11:00:00+08:00,大三产品实习中，我跟着导师完成了用户调研、需求取舍和上线复盘,"[{""code"": ""satisfaction"", ""label"": ""满足"", ""intensity"": 0.81, ""score"": 0.81}, {""code"": ""optimism"", ""label"": ""乐观"", ""intensity"": 0.67, ""score"": 0.67}]",完整参与产品流程，让我补上了从想法到交付之间的系统方法。,demo_entrepreneur,demo_entrepreneur_event_06,,demo_entrepreneur,创业者的我,从大一起，我自学前端搭建课程资料网站，体验到创造能回应他人需要的喜悦。半年后，我主动访谈二十位同学，发现先理解需求比急于增加功能更重要，情绪从兴奋转为踏实的满足。大二时，我在创新社团结识两位伙伴，一起做校园二手交换工具，开始学习分工与沟通，乐观中带着焦虑。今年七月，我和队友参加黑客松，两天内完成产品原型，体会到有限时间里完成核心功能比堆叠功能更有价值。九月，我把原型带回校园测试，根据反馈连续迭代三个版本，感到满足，也伴有些许迷茫，开始用验证结果而不是个人偏好做决定。十二月，我邀请一位创业学长喝咖啡，认真询问早期团队、现金流和失败经历，情绪平静中带着焦虑。,2025-11-06T15:30:00+08:00
demo_phd_event_08,u_caca42b8b3,role-demo_phd,role-demo_phd-simulated-turn-08,2025-06-09T17:00:00+08:00,我和不同学校的在读博士交流，开始整理适合自己的研究方向与申请准备,"[{""code"": ""optimism"", ""label"": ""乐观"", ""intensity"": 0.7, ""score"": 0.7}, {""code"": ""calm"", ""label"": ""平静"", ""intensity"": 0.58, ""score"": 0.58}]",真实交流让我不再只看排名，而是关注研究匹配、指导方式和自己是否愿意长期投入。,demo_phd,demo_phd_event_07,,demo_phd,读phd的我,从大一实验室开放日看到学长展示项目时的惊讶与乐观，到完成课程论文复现时体会到满足与轻微焦虑，我逐渐将研究从抽象好奇转化为具体实践。主动申请成为研究助理时，焦虑与乐观并存，我开始学习表达兴趣和面对不足。加入文献阅读小组并讲解论文后，公开表达暴露了理解空白，也让我学会提出更具体的问题。协助整理实验数据并排查复现失败时，迷茫与平静交织，我意识到规范记录和耐心验证能把困惑转化为线索。暑研期间独立负责小问题并汇报结果，喜悦与焦虑相伴，我确认自己愿意面对较长反馈周期。完成本科研究计划书时，满足与迷茫并存，让我看见自己在论证和方法上的成长空间。,2026-03-27T19:00:00+08:00
demo_bigtech_event_08,u_caca42b8b3,role-demo_bigtech,role-demo_bigtech-simulated-turn-08,2025-06-21T16:00:00+08:00,我结合实习体验比较不同技术方向，开始准备秋招并主动联系学长了解团队,"[{""code"": ""optimism"", ""label"": ""乐观"", ""intensity"": 0.72, ""score"": 0.72}, {""code"": ""confusion"", ""label"": ""迷茫"", ""intensity"": 0.39, ""score"": 0.39}]",我不再只追求公司名气，而是更关注成长环境、问题价值与适合自己的工作方式。,demo_bigtech,demo_bigtech_event_07,,demo_bigtech,进大厂的我,从大一独立完成小程序开始，我体验到调试成功的喜悦，萌生了打牢工程基础的意愿。2023年加入校园开源项目后，首次接受代码审查让我明白，可读性与协作习惯和功能正确同样重要，学习重心从个人调试转向关注代码质量。同年系统学习数据结构与计算机网络，持续补基础让我从追求快速答案，转向理解系统的工作原理。2024年校内技术比赛中负责后端，接口约定与故障排查让我感受到团队工程的节奏。随后准备实习时，整理作品集的过程让我意识到，真正重要的不只是做过什么，还包括为什么这样设计。大三寒假进入科技公司实习，完成第一个进入测试环境的需求，真实代码库让我看到可靠交付所需的细节。,2026-03-02T17:00:00+08:00
demo_entrepreneur_event_08,u_caca42b8b3,role-demo_entrepreneur,role-demo_entrepreneur-simulated-turn-08,2025-06-28T14:30:00+08:00,我用课余项目争取到一个校园组织的小额付费试点,"[{""code"": ""joy"", ""label"": ""喜悦"", ""intensity"": 0.86, ""score"": 0.86}, {""code"": ""calm"", ""label"": ""平静"", ""intensity"": 0.61, ""score"": 0.61}]",第一次有人愿意为解决方案付费，让我更具体地理解价值验证，也更想探索创业道路。,demo_entrepreneur,demo_entrepreneur_event_07,,demo_entrepreneur,创业者的我,从大一起，我自学前端搭建课程资料网站，体验到创造能回应他人需要的喜悦。半年后，我主动访谈二十位同学，发现先理解需求比急于增加功能更重要，情绪从兴奋转为踏实的满足。大二时，我在创新社团结识两位伙伴，一起做校园二手交换工具，开始学习分工与沟通，乐观中带着焦虑。今年七月，我和队友参加黑客松，两天内完成产品原型，体会到有限时间里完成核心功能比堆叠功能更有价值。九月，我把原型带回校园测试，根据反馈连续迭代三个版本，感到满足，也伴有些许迷茫，开始用验证结果而不是个人偏好做决定。十二月，我邀请一位创业学长喝咖啡，认真询问早期团队、现金流和失败经历，情绪平静中带着焦虑。,2026-01-18T13:00:00+08:00
event_604a4215b7,u_caca42b8b3,role-p_d37a8f09,m_824213b87862,2026-07-01T00:00:00Z,做过一段多模态研究,"[{""code"": ""satisfaction"", ""label"": ""满足"", ""intensity"": 0.5, ""score"": 0.5}]",用户认为多模态研究很有意思，表达了对该经历的积极感受。,p_d37a8f09,,,p_d37a8f09,大厂多模态算法工程师·第三年冬,用户在2026年7月做过一段多模态研究，并认为这段经历很有意思。从用户的表述中，可以感受到一种对研究本身的纯粹兴趣和满足感，而非关注外部收益或评价。这种对学术探索的积极态度，可能反映了用户在该阶段对知识发现和跨领域整合的天然热情。用户没有提及后续发展或情绪波动，因此当前成长轨迹主要围绕一次愉快的研究体验展开，尚未显现出更复杂的认知转变或挑战应对。,2026-07-24T18:47:51.559765Z
event_2f4d202214,u_caca42b8b3,role-p_fd39160b,m_72b7bd1b21bb,2026-07-24T18:13:36.441796Z,与HCI大厂工作人员深入交流,"[{""code"": ""satisfaction"", ""label"": ""满足"", ""intensity"": 0.6, ""score"": 0.5}]",用户认为与HCI大厂工作人员的交流收获很多。,p_fd39160b,,,p_fd39160b,HCI 研究者·第三年秋,用户从2026年在AdventureX搭建了一个HCI软件产品开始，认为这个产品非常有意思，随后又提到在同年发表了一篇HCI领域的论文，展现出在学术和产品实践两方面的探索。接着用户与一个大厂工作人员进行了深入交流，收获很多，表明用户不仅注重个人创作，也积极寻求行业经验与反馈。整体来看，用户从独立搭建产品、发表学术成果，到与业界人士对话，逐步拓展了在HCI领域的视野和资源，行动上从产出到交流，感受上从满足到收获，体现出一种主动积累经验、不断学习成长的轨迹。,2026-07-24T18:13:36.441796Z
event_b0550e8ef6,u_caca42b8b3,role-p_fd39160b,m_2f26014fa773,2026-07-24T18:21:31.208069Z,在AdventureX搭建HCI产品,"[{""code"": ""satisfaction"", ""label"": ""满足"", ""intensity"": 0.5, ""score"": 0.5}]",用户讲述自己在2026年AdventureX搭建了一个与HCI相关的软件产品，认为它非常有意思且值得分享。,p_fd39160b,event_2f4d202214,,p_fd39160b,HCI 研究者·第三年秋,用户从2026年在AdventureX搭建了一个HCI软件产品开始，认为这个产品非常有意思，随后又提到在同年发表了一篇HCI领域的论文，展现出在学术和产品实践两方面的探索。接着用户与一个大厂工作人员进行了深入交流，收获很多，表明用户不仅注重个人创作，也积极寻求行业经验与反馈。之后用户还与HCI教授进行了聊天，进一步拓展了学术交流的维度。整体来看，用户从独立搭建产品、发表学术成果，到与业界人士和教授对话，逐步拓展了在HCI领域的视野和资源，行动上从产出到交流，感受上从满足到收获，体现出一种主动积累经验、不断学习成长的轨迹。,2026-07-24T17:58:06.061054Z
event_37dffe2ef4,u_caca42b8b3,role-p_fd39160b,m_40803be5fbe8,2026-07-24T18:21:33.358335Z,发表HCI领域论文,"[{""code"": ""satisfaction"", ""label"": ""满足"", ""intensity"": 0.5, ""score"": 0.5}]",用户提到自己在2026年发表了一篇HCI领域的论文，作为成就分享。,p_fd39160b,event_b0550e8ef6,,p_fd39160b,HCI 研究者·第三年秋,用户从2026年在AdventureX搭建了一个HCI软件产品开始，认为这个产品非常有意思，随后又提到在同年发表了一篇HCI领域的论文，展现出在学术和产品实践两方面的探索。接着用户与一个大厂工作人员进行了深入交流，收获很多，表明用户不仅注重个人创作，也积极寻求行业经验与反馈。之后用户还与HCI教授进行了聊天，进一步拓展了学术交流的维度。整体来看，用户从独立搭建产品、发表学术成果，到与业界人士和教授对话，逐步拓展了在HCI领域的视野和资源，行动上从产出到交流，感受上从满足到收获，体现出一种主动积累经验、不断学习成长的轨迹。,2026-07-24T17:59:14.144671Z
event_7edc417f22,u_caca42b8b3,role-p_fd39160b,m_dbda0bb620bd,2026-07-24T18:21:37.678216Z,与HCI教授聊天,"[{""code"": ""calm"", ""label"": ""平静"", ""intensity"": 0.5, ""score"": 0.5}]",用户提到自己和HCI教授进行了聊天，作为一次交流经历。,p_fd39160b,event_37dffe2ef4,,p_fd39160b,HCI 研究者·第三年秋,用户从2026年在AdventureX搭建了一个HCI软件产品开始，认为这个产品非常有意思，随后又提到在同年发表了一篇HCI领域的论文，展现出在学术和产品实践两方面的探索。接着用户与一个大厂工作人员进行了深入交流，收获很多，表明用户不仅注重个人创作，也积极寻求行业经验与反馈。之后用户还与HCI教授进行了聊天，进一步拓展了学术交流的维度。整体来看，用户从独立搭建产品、发表学术成果，到与业界人士和教授对话，逐步拓展了在HCI领域的视野和资源，行动上从产出到交流，感受上从满足到收获，体现出一种主动积累经验、不断学习成长的轨迹。,2026-07-24T18:21:37.678216Z
event_00c5463555,u_caca42b8b3,role-p_fd39160b,m_90c602192cf4,2026-07-25T09:03:47.871413Z,研究AI情感交互,[],用户在2026年7月份对AI情感交互进行了研究。,p_fd39160b,event_7edc417f22,,p_fd39160b,HCI 研究者·第三年秋,用户从2026年在AdventureX搭建HCI软件产品开始，逐步在学术和实践领域探索，发表论文并与大厂工作人员、教授交流，拓展了视野和资源。随后用户开始研究AI情感交互，显示出研究方向从传统HCI向新兴领域的延伸，行动上从独立创作到跨领域探索，感受上从满足到对方向的纠结，体现出在学术探索中不断调整和深化的过程。,2026-07-25T09:02:13.865010Z
event_419037342a,u_caca42b8b3,role-p_fd39160b,m_781131da5a49,2026-07-25T09:03:47.874019Z,开展交互装置实验,[],用户在2026年6月开展了交互装置的实验。,p_fd39160b,event_00c5463555,,p_fd39160b,HCI 研究者·第三年秋,用户从2026年在AdventureX搭建HCI软件产品开始，逐步在学术和实践领域探索，发表论文并与大厂工作人员、教授交流，拓展了视野和资源。随后用户开始研究AI情感交互，并开展了交互装置实验，显示出研究方向从传统HCI向新兴领域的延伸，行动上从独立创作到跨领域探索，感受上从满足到对方向的纠结，体现出在学术探索中不断调整和深化的过程。,2026-07-25T09:03:47.874019Z
event_bfcb25f439,u_caca42b8b3,main_1,m_c6077c0cf440,2026-07-26T06:17:40.320898Z,纠结研究方向选择,"[{""code"": ""confusion"", ""label"": ""迷茫"", ""intensity"": 0.7, ""score"": 0.6}]",害怕错过风口又担心未来后悔，想追热点但更倾向做喜欢的事,main,,,,,作为研究AI的本科生，用户正面临职业方向的选择困境，在进大厂与读博、追热点与做喜欢但冷门的研究之间反复拉扯。他明确表达了对多年后未尝试的恐惧，同时也意识到选择HCI可能带来的经济不确定性。通过对话，他逐渐清晰内心更倾向做喜欢的事，但仍被现实顾虑所困扰。这种纠结反映了他对自我价值的探索和对未来的不确定感，需要在理想与现实之间寻找平衡。,2026-07-26T06:17:40.320898Z
